videoID,subjectID
6cf1f250,829
bc236028,777
af04f55f,506
ba750c21,1013
37bf43cb,792
b9d562ba,546
f0847247,534
8e524249,636
4010697e,593
6ce20f44,663
201b36cc,567
01872882,505
741f6f86,653
d32330a1,658
a369262a,687
e07953a7,531
b016acc1,918
56d516fb,833
32038dd4,945
58129b40,940
96c7a3fe,558
0477d77d,511
fd75a3a4,779
60f369e1,954
6d2eade5,826
74bbb3da,719
95722903,547
70d7a265,829
0c3158a4,730
77c6d81e,620
b0dd1a97,960
e9e69655,532
3c35469e,671
09ba10c0,552
ed447475,613
445e7003,864
e7b86752,870
3d571ca9,556
6db4a60a,542
9cc6c111,864
432c8ba2,681
263c27e5,985
2c3aa92f,885
d3408eab,612
18004a57,864
dd77ad1f,526
3bbdee8b,739
68fafdce,617
e9840104,992
61ac92b2,605
f1f04288,691
e2d5cb6d,607
0036bf56,538
3af377ae,627
aeb4952e,594
82859246,888
41ce2f19,789
67393df4,677
89b65f99,877
c165f860,810
cfb2b2ce,980
b27723ce,796
2a15f34c,891
a3c4c32c,865
03103d0a,558
65786cda,628
16dcfc45,908
323a4922,601
1e7e9a83,695
dfb08fd7,1001
706178da,532
f709f845,606
a63f9df0,631
721e5485,781
2d4d702b,702
923341d4,786
90656ed7,903
9801b622,658
cde9b6d5,580
c13ad0f7,889
888fa839,1012
33376cdc,577
3d825a18,547
432b8b99,552
53860703,998
aaa86245,706
42e15607,704
da8c61a6,595
385756a8,857
74010e75,900
cf63e4ee,707
9525bbca,732
5c9791f5,606
0a918b73,945
2a5adc46,575
b7072637,811
071ab99a,517
691f4419,860
fc72cf8d,971
26ff20af,551
4eb4251c,977
0c0feba6,863
aec6814e,915
449433f8,904
74d9bf8b,668
286d17e8,549
0750ed01,550
6aea699c,924
c5b95473,510
cbf19027,793
4db2f934,572
079ae20d,856
7d3ee5bf,795
23c7deef,807
c002b84b,744
e6e0c355,974
da66c9cf,827
48d376db,716
68e1538d,917
c972b30e,955
45e6088c,837
c75bc850,629
b4269767,631
c753f4b8,676
7948c1ea,705
c822c24f,532
7b57eda1,554
19abd424,576
05755e27,657
9f32f8a7,979
6b0b47f3,592
ccec2212,671
43172ca6,721
08c7bd6b,956
ddec2282,0
e834e863,617
e4076ae8,908
a5db441b,502
f98ee0de,631
3e46937a,912
1a2687e4,783
8d52f2b8,789
b32bf736,899
ff8f3745,868
80ae3140,764
1d3e1da9,730
ba6bf354,551
84eff890,837
06592e8e,845
2821a632,663
7ceeffdd,685
5b0c3990,992
a4db2c06,1013
45c4809a,1003
73378ea8,620
94c524ca,996
531260a4,829
d147b15f,741
3dd4ad78,867
6f12f2d7,513
371c375d,966
e95ea383,611
f60604f9,518
aa0591c6,1008
d95242b8,508
a39cc72e,895
adfcc00c,510
512ed135,969
50700951,545
28d785bc,708
77a099ba,986
2ccd1e62,700
e17bfc55,660
90eca2b3,823
93f83eb3,643
664fb501,740
fa96c4a2,864
b32c552e,884
e95fe2c9,872
7eb832f1,764
8a718a13,517
26687a10,809
b11931fb,910
7d7b5f48,977
6ba3de3e,573
d87ee45d,787
2be358b4,829
b394da65,575
bdd471f7,787
99377b24,703
d21ccb9e,556
b1a9d4d5,556
b3d05a2e,532
b9dc2f71,931
8da7b39f,778
7653bd6f,629
0440acfa,662
718edaf1,790
b248892a,595
c54d1af1,859
e9162e03,642
3b7c02aa,944
3cc5f740,867
dc1c7dfe,503
726c083d,755
fecec0d7,799
e7719fa1,976
618e964d,762
1891052a,556
1f316ab8,643
ab661cc1,805
7387a365,893
2cb082cc,900
2abf47a0,641
f016b9ab,919
57b3dedd,909
c2700000,779
1cc8ff8b,1010
fecf9670,904
d33d95af,629
49ca1891,701
9be57823,920
57147aa9,819
ba217186,744
35ddc43d,998
8f5a6307,0
a08fdf38,932
bb1ed2ce,687
47b779e3,528
365c254a,951
ad2622dd,746
62530fbc,988
1c4bf61e,798
ff301544,979
2d59efc1,626
7309fd2a,502
0c97a66d,757
922caae3,930
a8d7bae1,847
33d3fdc4,709
de814772,802
f2233be2,1007
69310148,937
0e088d74,519
79d3e081,873
c8dbb049,872
5f8392e3,742
16684e22,678
48573d84,974
24177d18,568
b0f14f0e,725
3a4fe1d9,817
8ebefb3d,690
9c35c07c,732
5c6ac08b,726
78ffc3dc,574
d9f9e945,873
45f57204,548
7120e56a,881
377bae87,988
0ab48015,763
fde4758a,1011
453b1545,952
2ab0b1de,912
5f1e3741,943
b9710b00,803
8da20234,528
c4d3c45b,555
41258fda,595
bd787a02,686
710d58fd,812
c0564b78,919
967f2424,848
59f14c8c,1012
03cd521a,936
0a1f07f8,556
31dd849a,764
95f16ab1,837
288374b0,713
cad07d9f,784
99ac6302,934
971b5ddf,701
aace6f5d,641
15575a11,545
a8b26961,778
605e6a64,994
399424cd,549
3c85f805,930
f9c615b9,526
8f30b091,944
248e5224,574
c0325794,545
9dff1673,847
8f92a595,516
d7dabd40,685
aed48d8d,989
f5297a1e,932
fc3dcb9d,803
7df33e8b,915
1b500e64,580
d656425a,621
50d7d697,645
59c29d5b,527
0572e5a0,840
7b52b2ff,1010
5eadbf4f,635
cb1a81b8,933
e62c6dba,991
662b4c2f,549
7b8ab063,834
a4641384,716
a4cca554,800
b6c853c2,985
2c01e752,545
ec954223,897
09012d91,914
82b3afd9,637
a34de2e4,623
b9bf2807,914
272f4a54,589
9b892817,573
1f63da1d,669
5ec67ef9,786
63fee0c5,536
a6020a9f,589
3d7b6512,801
955ce0b9,603
389b4852,608
6fbe2d17,516
7fde10b2,701
4d1c9f35,882
ee55b0cd,625
8cb8bdf3,620
1ca3453d,816
26f4adfc,669
5c8391a0,679
4e272657,554
c8587425,955
9148678f,625
197bf08f,659
0c45d8a2,543
fbec3c89,653
f2d80474,683
6be7865f,615
d4589086,527
a9b8705a,622
ec084d6f,879
503f90c2,892
f54d295f,923
089e2356,0
4f8db614,581
8ac57913,958
3802c5c9,873
de43d7ea,838
447aebf6,997
a23b0ac8,575
96dcfb11,526
cd2fc2bf,674
312a4a21,758
dfc43e06,983
0125eb0f,687
2effeec5,584
b6b9248a,921
735996d6,870
61a83e4e,593
3c529908,851
3ff4f29d,882
a7a1fbc3,636
d931295c,796
1f55745d,0
f307beea,620
edcd3e07,837
a9334f50,802
7d0ae990,0
d617b9fc,745
0687fc4c,1010
8492a3d4,933
cd646937,767
5c9fcd5a,576
891297f1,647
8692597e,652
5d0dca41,882
379bc37d,834
e6291290,984
f80c23ce,769
8691b6e3,601
84715ffa,577
d575279d,748
30e12aab,967
9e60c84c,632
0a3c6300,556
d16c6c97,725
e121102d,975
52fd5077,586
e25eecc7,500
e8d40792,801
75743596,819
d523af5e,640
617df50b,602
a408bd9c,687
749a6b4c,988
ee5780ab,911
00f16dab,832
407797a5,905
e6ef3a88,988
db2eebbe,594
0ecf0ddf,866
a60d2176,625
2a880af7,0
047323de,997
a19b041a,921
4c5137dd,994
93f7f450,867
57fd1ed2,620
10db717d,535
cb78b323,533
bbe7c08b,722
dbbee728,574
a931852d,991
3329eeda,625
1d626e59,984
13ed8de5,671
b4122524,732
588b657d,952
f87b5951,921
54ce13da,786
8ce9c9d9,512
135fbfa9,946
6b084e62,523
1975f5eb,625
5de563d0,786
394372bf,667
c0ef6451,876
76ba9de0,705
546cc974,723
4f555016,827
21baa5f6,631
77b861d8,835
d764f0f2,615
fec81a34,664
6028847c,1004
0e1bd7af,610
ea26002b,926
535f117a,901
49a7b876,991
d898c8b9,980
2f7df6c5,549
d4bbcd02,952
64dff787,870
ce635b96,618
0423dd41,583
b19da1ed,913
d66af8cc,1013
af2777c8,893
4c5c1fa3,837
30ef497d,902
3e30f005,922
495b24f6,568
16da00e6,968
3afb0bb4,707
aa8c9d34,629
52023244,865
c0b60e9a,979
3f5989b8,536
59941c41,892
7a696067,985
0a464720,688
530d4bcf,1008
5099ffae,949
2c6b0b8c,938
5937a358,940
41967e90,1000
bbf2c1dd,996
2fec5efe,1006
090a62ab,637
11c5cb6d,838
d718abc9,975
25dbbba0,1010
966752ef,803
fea6abcb,559
64d6bed3,646
7748f9b7,538
20075270,897
3e7ab043,663
867a9dcf,953
d6c52f36,896
41a734c8,830
ca1145bb,870
069a00d2,691
703f38f8,718
72883524,952
3a5efe6b,773
733fd925,575
7118c322,989
5e9ae2fb,820
61eea33c,856
981b8833,840
0812b37e,734
a5ba1efa,562
33779822,717
ccec3b46,678
2c400e30,802
16abd53a,636
24549426,731
0cdbf7e7,804
2a856780,516
2fd761ab,570
eef6b541,903
1df060c8,751
6f7fd939,636
15cc0812,933
0a146a46,811
828de316,870
ca2ef729,797
c13c1fa5,726
5ecd88a5,691
1cff7d29,526
3f79a6e4,652
866e689f,613
410ccdf0,913
47867386,722
40c3caab,956
1c6a1a69,883
837bb23a,882
1a84183a,586
12917b85,848
d2c7e173,518
761ba88e,1010
748d287a,683
6c192f14,713
feae0df7,753
89a0904f,878
a0e2c950,997
e3dee369,1010
9f321280,810
3da980a2,950
0be6090a,915
55ba78eb,671
a11d96d6,831
86014181,979
2e2dde7e,932
a92376a3,937
0e714f85,622
5bc96c2c,655
cf73f968,654
5fe7036d,961
5a411664,743
6b7d26f9,812
c37f98f6,509
23073671,599
8e660e8d,938
0cccf145,797
1f17f9e3,542
c9fd4a85,574
5892e147,752
61594ae4,889
dd96698b,943
2c00e54e,521
a512ef82,738
31df7f76,973
f0d9ad9f,669
0ff3f75e,768
8f3fd51d,918
922c87e7,572
03647a36,603
4f8c92e8,562
58fa3cd2,677
7b9a4ffc,948
d37674e2,787
c522b84d,548
0c34d31c,546
430f6fa7,527
b9872fd4,576
2c929151,932
1f02aa87,741
2b1bb719,610
fb01023e,768
61b019ff,766
3bdddd3a,795
470511ab,767
28f2f175,679
c1886c69,584
71f8ed79,923
91002a66,895
f87d8a6d,919
618c1bd4,851
da9252fa,741
eeb26aa1,631
9d65e5d2,569
726c0e01,758
71f4e327,827
7b15dcbb,963
dbf241ab,864
eea1628a,525
e9aabc79,591
f8901284,863
82b47e18,638
efd98eb2,600
7bb7a796,544
28e109c4,815
a0e29bc0,993
0c2864f8,678
cc23b164,848
9e4f32f0,788
cba9289a,870
5d86bd52,894
29bd69e1,585
6fb8bdb3,687
24067afc,1011
ab4c51a6,542
7b2425a4,930
39238dc8,546
6b5b638f,943
cf89643c,885
3bff85c7,790
3c4e69ec,926
f43c9f04,871
9adbe38e,903
db362d44,869
5cb283a4,919
02522c95,567
7aa2a542,708
18839bfc,668
aa31cd18,809
259b8a37,943
e47ec00a,921
4ea3cbaf,767
9dfdfcb0,543
9f11a1e3,688
a9d2a80b,734
562985ad,879
4f487f08,519
533b2f95,993
4f355cde,768
37754018,842
ff766217,919
d65ab4a7,685
1a394985,832
e80e3fb1,691
2200c77d,831
fc420e8d,775
1b96d057,954
15845069,991
57d2d93a,796
1cb9c906,539
bd2e23c8,871
74efd740,961
c7cd0108,988
2d5f51ef,532
4f5a882c,983
e94f52eb,997
07bac5af,870
6708bd18,993
fac45a00,930
ffc39ae6,572
9698a62a,583
d7713139,918
baf2da25,897
93427ca8,648
fd1b36b6,728
69dacf25,946
21d3e5f8,695
9408c235,796
b3591b81,713
28f8b5d4,941
51bd18c1,860
0de5b8f8,833
2f7c67b2,588
9a465b56,862
5c97233d,599
ba4af5f7,502
67bc5d5b,829
a80df553,553
482410ba,803
ec81d079,700
63318528,976
a1d5e08c,734
b8135e3a,589
67486664,554
16124622,624
f15bc1ee,826
586d998b,754
752491a8,673
2ff17a9f,786
f5f1a50d,676
3f9113ed,850
22690c8a,611
61406a2b,798
203a7475,543
f80ca205,941
6494389a,805
2707d304,978
b94d6065,1013
e86dba65,918
43e85f97,1004
82ad58f1,751
76747f74,548
0567e01e,930
aecbb1b1,726
922eb883,797
34c00f18,640
a911f147,618
bb3d21d9,842
e6105807,662
6f6fe9cd,535
6ff34ea4,948
11cec5bd,817
d297ec12,691
c49d8fc7,732
186b3cdb,614
86380e78,707
e88f10f9,827
dfc43a93,1011
dfa65adb,636
a6bff233,0
444a60bd,963
d5fc6913,781
8e624ef0,725
f94bb974,1010
7ce261ee,639
8be9b15e,939
1dea0fe7,677
d4ebc753,714
8a907e3f,1010
b677dad3,936
a8dfeed8,626
28041313,772
24621fdf,707
1cbb2c1c,952
f98692a2,915
a4b11f23,610
ed40d63b,594
aef8c1e9,691
13baf1b9,648
32552c08,925
a6f537fd,565
fc938e78,838
0e518d6a,727
53b2924d,571
72397903,873
5675712a,749
e06c08bf,723
b788def2,898
f662ec9b,711
8f5867c7,981
9af6a991,811
4bdf959a,1010
112c1ff0,897
28be7cd1,772
d7494d1b,659
8ee4362b,840
f0987ab9,543
04f7a546,551
ec29eba6,518
f410bf92,884
4eac5c67,576
ce251748,753
1ff5f955,606
e43faf11,770
60c535bd,542
5a21d1f9,567
bbba9516,646
b33b5e71,643
b75792bb,906
a0519ace,636
3346b4dd,796
af2ec8c5,718
fe360dbc,827
ead1b4e7,526
8bd046a2,741
4e0d376d,723
a638bbb0,897
21ffba83,676
24df616f,708
fc790bdd,636
51ea921e,633
aeb3fa75,912
74bf4f99,993
e860e755,776
c383c831,555
d37946ff,672
3200335a,554
0135835d,772
a90bdf22,654
672e9578,639
53e3e094,837
7a50c59d,542
63592367,945
0823ee6a,928
9138d372,971
91b1a3de,839
d8b0aa60,898
f00fbe89,591
6416214a,773
a8a729b5,769
3c4f8d37,565
fa9063c2,574
35d625ad,589
8b0ad36c,617
a77c35cf,1010
32fe2520,887
989c9deb,546
2cc8135d,990
bd5f4c16,998
8db4dada,872
4e3f2673,997
3de37618,823
3aba9bc0,975
2b5a695c,848
23580c33,829
269250df,759
5e6271cf,686
bc8ed990,840
cee316b7,516
76677015,713
93ee75a2,650
4e01e479,737
48ab455b,688
022c7d7b,980
838f1c9a,787
80f4f9b7,805
05a109a6,719
101de14a,929
996a741e,770
1ac82823,778
844720d6,682
856e9dd4,975
33ce6169,576
e031f3c2,1010
45243623,583
b84964a2,628
365ba800,932
c0bba1f3,536
38fdbae8,687
0fe24a55,505
e1f96172,606
0fd166ea,960
32768264,864
752a4890,851
e85be1d4,993
b31dc2c3,904
76b3234c,945
ae36daff,589
b6350fd9,1010
bc24eddb,639
8d184d08,979
a075c1be,962
268d7105,786
7e6f2f0d,784
1b4c92b9,713
41bc7334,777
c2e0da4d,686
df4b112a,831
865162cc,847
1e131c61,887
5561f9e2,860
d175b836,684
5f161d87,556
2193f345,691
6e7fc5a8,608
9ef72e52,1011
ef0a92e4,864
cb828bdb,615
107dc19f,834
f1d72533,820
f20f94c6,651
71c9206e,925
a4159d08,988
fb7d8fb7,952
b467b38b,838
ffae550e,731
fa4f62bb,968
2fae3723,543
762326c9,782
8101487e,974
c969455c,957
5fabce46,633
f915d092,731
ac06a99e,829
7046606d,537
1c3ed27e,702
1fa1624d,958
a40c25f3,1010
40dc8e10,920
a8a34d77,564
a257adcb,1007
3bf3bc9b,848
32499c58,946
ed0a9a72,979
fe0b7415,870
20f6dc59,940
71a5c077,548
ae9cc13b,1010
1d79c7d1,518
aeea0151,804
92f38bfa,878
3adaaaba,769
c38ea2e4,1005
8e29e104,796
8f22b791,855
7faea520,940
264f127d,688
c9b2bb55,614
b255270b,599
284713e1,589
256bb115,678
c0c93070,714
a88aef88,803
07d109c7,544
7f458be6,892
7cac6154,955
838730b7,837
a407c444,1005
ce9e39ab,907
d639f7d2,676
80f51871,903
feb3c8dc,736
7cfa193e,554
5e787cbf,612
65cb82ca,970
a2145ce0,995
f24dc028,1010
5a22c19a,974
c155e388,907
c61ed947,1012
fcd38e8e,861
ff7a1f58,607
2b5ed95f,502
8cced3ee,764
a13ce269,799
8e7df099,914
eaba8360,941
e36344fa,837
d6fb3215,576
dd06591c,571
104f3172,745
acdebae2,842
e45fd374,584
83c92890,536
9c1d0bb9,612
6956b386,1010
7d124b37,567
93346548,961
3dbf0de2,986
e530a0d8,511
7943df25,853
8e06f8d1,699
99629595,518
4f8e0a74,1011
fe3023b0,685
35f7cf82,919
db8d2d18,640
f2edf062,615
3f0a4fbf,993
e70fb6ac,551
f1e99fd3,1010
73ada6c8,845
87be518f,896
7faeef3e,772
844cbbf0,518
ffeb19e6,717
784b49fc,805
ee2e867b,727
ffb15797,805
cdd19ca7,705
5d067433,1000
5c7ca27a,849
a5ab1cc7,517
12099f29,943
f561172d,595
9bf0d45e,538
1526e0e2,539
668d56e8,617
47b55e22,722
5cf21c24,973
407bb122,912
908e9522,656
eccefe30,973
6bc3c06c,566
4803f064,0
d7022b36,643
ebeac54f,711
7524391e,1010
95e9de04,508
1957f9d2,984
f742e08f,644
be273019,903
428ad175,504
b8eb9cf7,781
f7700fa1,786
7bb90d0e,918
a8c7603d,666
ce49999a,730
3acb47f0,574
4758b34d,599
c13edd47,939
09385cdf,549
f5894a37,885
00d4ad32,639
9d7a0a9c,703
26808dbe,540
131b4a22,902
5a5b0063,675
eb0adcef,861
9e966eba,539
f0917198,617
e87f4c14,507
c2ca1fc0,701
dcde0b6a,643
73d0464b,983
be1282c9,941
d9f83465,567
19be220a,703
581e64af,680
905c7f50,859
4f26492c,772
38b19945,708
04f7dfbb,817
e066178f,993
abc94277,691
d4a53d0a,1003
870e4876,549
38752ea7,528
da78ced1,917
d35e653b,832
2e7edbc1,700
56618c55,1003
9b9cfa53,542
b3f66808,890
7796f1df,995
e3004919,993
6d304f08,537
6c4d6992,671
da1a98eb,551
d0bf2d6c,547
00bb96cc,758
f5cf07a2,0
710b9467,872
e0f2098a,602
b1da31f8,975
27d0fc45,553
bb69761a,806
d07bbdcd,929
9a8852c3,971
c6aeef66,558
7c0fac45,718
5f37b89d,889
66b0bc91,779
8296248a,903
615c0ef6,658
e3301143,523
7bcd2e12,543
e1cbbec6,613
6af2252c,1013
60a80b28,563
cbaff543,729
50e3d744,787
e04032e3,984
71777b1c,1010
082fd4a4,954
57c90714,932
d6f3b336,533
1d4cc7ad,756
a71024b8,963
977ee083,890
6506c84a,962
c44fa128,666
b62cee0e,703
66dfc84c,552
ce31ecfd,864
444b67d0,549
6f6d43f2,558
3408dd71,532
0285f19a,650
b1d666ca,725
6449e631,521
64436738,668
cc8687dd,589
f5d92d4d,784
a867507d,682
598aa8e5,796
73511a37,821
e1368ec9,666
7ae05998,707
582dd6fe,952
f90e16ff,545
55660c75,859
f0ac015c,772
dae75340,1010
b7796af6,878
fcba419f,695
0f659794,680
f3005681,913
224e4aaf,710
f9f79263,711
e995a362,564
9c8b3d8f,984
69257a8d,580
bc3a381f,741
e460da13,987
e388e4c5,626
611b05e9,765
34f438cf,763
4ac68615,564
7d871675,779
221592ee,606
d28416ed,591
efbb14af,723
af8ffdf3,846
9ab4934e,873
5e40cb8f,790
523473ea,799
082529aa,711
d50cdcf4,502
9761ba50,614
b7fbbcc6,786
f39fe11d,833
de4d4cab,793
2774342e,920
39053db1,666
0b80b285,1013
e4856197,718
dfe3026f,843
0cc9092c,840
dd55c497,530
edc7ec7e,870
b8ac13b0,786
e04e09a9,959
f8e471b5,679
30f38614,881
38df9ca7,887
fafbd507,611
25e1ff22,667
11db27a0,950
6c8be201,503
abaeaa6d,999
c68b0a19,972
392b9a36,578
1acd69cb,705
84d18982,670
3e57e549,954
91d46dda,614
f117736f,831
a32b8902,918
d3a3d5eb,976
445979d7,700
352a1435,943
570d957d,781
54b18675,589
cc3434a5,777
312ad088,623
49d3554d,903
93179e35,571
03a6087e,573
a6a77ef3,910
27a06dd0,646
c9e92675,715
f312bdb8,783
2b46ac15,913
c1a48819,841
a30484fa,813
4d769e0c,961
b2bf2f46,564
63105a0f,829
ea14f107,687
2e25d26b,576
4d6d09b1,865
5e3f3390,632
b5a29c35,823
5392ea23,551
aa0c8533,897
dba8e3de,751
864f6d15,804
f1d6422f,595
4b7cd868,962
0b5f5bdc,853
de1db5b9,803
1cd0e69d,797
4e9e166f,918
90772977,981
0ea6eb5e,514
5ab2f86d,829
0d565f46,563
0e1edffb,644
8c904794,605
eca5bd33,912
8c43da23,671
d4685e0d,532
4d4dbfa6,898
887310ca,746
2660819d,990
f675f95c,516
85e37dd6,753
5fa1b7cb,920
3e4ea8ae,999
e5150e11,726
335b94ea,635
1cb3d7e7,577
da6878b9,524
f3a27e68,683
cb1335ba,643
25b8dc4a,563
fcc2a423,992
6b9f089a,802
c2969144,503
d6877b6c,853
0211f75c,954
092edb00,798
e6382b47,979
d7bb5502,947
06ade226,917
a58deba0,932
b7a0ea55,553
1b45eb82,571
0e294dc1,959
561b7661,678
93d9d108,996
c499bba1,525
feaaa6cc,553
f75eadf0,1010
1cab14b4,843
7c33b581,594
82468f5d,634
f8c4ac88,832
fe1ed78d,511
2b3cee82,574
d5bd43b9,926
23329327,662
442801c7,955
9131a958,526
0d7f11d4,643
dde8ac20,917
a13101b0,526
f5d52d62,956
8f8b51b6,761
c07daf0b,839
0a9e638b,974
36c73f38,764
c14036d8,997
aa962a2f,694
fb1f599c,536
0767f611,827
f6578563,870
e8613074,691
2c6af27a,621
20d295f0,997
3c2fbf4e,975
7d9132e4,1004
4e7421b5,671
ce1a0da9,814
538b764b,743
303899a6,599
444aded8,836
ca95b666,622
a86490cd,734
9e62eaad,520
40676065,938
8ff93a9d,725
7051869d,773
fd3a36ce,854
13096037,871
e65eb37f,729
2d704d95,759
c15b9580,637
f28c03e6,887
675af475,653
67c43f17,1002
73f944f4,923
a4978073,516
ab634b2a,705
383ef034,765
7089b9fc,621
32c0d534,615
0ed0bb09,518
b3a12600,945
a97d2526,995
05ae7e1b,940
3700a281,989
5b73fdb0,861
08d86a1c,698
71c0f526,763
3c5913ca,637
152746b9,687
302f06dd,817
777f6401,1010
5cc9bfe9,856
7893903b,698
6c23e742,932
c5ef5c40,606
e9d31e79,795
f06beceb,622
c4e70f43,806
8cf7896e,831
aa2fb8bf,1004
fed01593,921
bfd4c4be,517
0b9299f4,547
219a24ef,863
85fb1190,580
11a01e44,947
0e7af60e,881
2556beca,778
36942922,556
4dbdbe1e,903
266354c2,677
e1796017,897
bcb0f786,701
74cb86ec,838
4982fa31,673
3571cb96,599
7043f399,754
c8c784a1,807
85e84fc9,685
faad0f66,755
0e29d3ed,800
fb08f866,764
b82122f4,701
2c199cf3,932
48c461a7,893
10796cd5,1006
1216712c,898
67637df1,952
8fb9168d,866
9ab490b7,0
82041ad4,1000
2c557872,573
a5042ab5,948
a9ffe70b,635
b49658f1,586
80737a05,920
fd3f20cb,578
7867834f,815
bc383bf7,847
684e228b,975
a0d57e04,707
ee6d3a1f,545
272c1f62,807
daa62cf2,505
1cc1a933,743
9c9a8c2a,755
8536ed01,915
a2f1396d,921
d24130aa,991
d0545b49,873
520510ba,567
ed7754d1,797
6a7f02a7,854
5d4d2545,707
af5815b0,842
3c0297ca,590
19e9a331,747
8e631a10,801
c791f796,540
ca6a066f,628
3c4bfcdb,695
86b1f8fa,892
cf31b7c6,811
b4fdb4e6,829
cc73613d,722
672b0caf,839
fe639531,820
6214bba3,559
3e41d51c,725
83369550,786
44287e1c,958
0a65bf4a,778
f90c60bc,653
f5d23a8b,781
884a8ff5,681
9100dd80,703
b27c6869,775
c1b13c22,909
2e58eb55,663
91459939,543
480d38ee,951
bfa6db4c,539
45cb7341,1009
8f5e1b20,703
1465a100,631
ac217762,798
5eb2be8a,599
c70ef446,840
f920ce38,729
6899eb7d,527
b21d0682,867
6bb94a25,794
ddae12aa,738
0bd0fbcd,843
907c5276,1004
f7106542,1010
8b1b14ab,1004
87093323,852
ad97006d,636
f230448e,854
2a88dd29,593
2b9e0511,800
9dc4e3ef,847
0bbfc016,698
ce48a4b9,924
8dd72d7f,974
6208fdbb,798
eb4b4d4d,540
bef99e66,918
033907e7,839
048f52d4,741
de0c0337,901
758ed5d3,699
0aaac0e4,949
aa06ce20,716
a763a222,567
84b4993e,703
facb4425,643
75322681,696
88d3e935,828
f4cdeec1,872
386ba712,948
4fee998e,837
013f8f65,600
5462a793,980
8044bad8,984
b9c2f425,528
83abb53b,516
d419c631,825
994d7516,719
514c7b84,907
b8af0e1c,625
5ed8941e,882
122d7134,984
f705c2a9,699
c4180039,537
4413d538,534
2cc981dd,939
c54f6133,743
d0b32027,719
a3d3cea0,883
ba9038fa,829
21362935,578
2a3eb750,861
39239e29,871
d3af90e3,592
d52c34b2,684
9033296f,721
cdfbd3a0,591
02bd18fa,1009
0612966e,1009
a97725bd,508
5ae3e62d,988
55fe3b0a,612
79d36152,993
542ad9b6,517
6a60244d,909
5c145264,996
8953eb27,914
f68fd116,577
a2ba210b,588
e3130934,615
87cd3dba,757
ebede372,695
f3c7c047,983
69057fcf,997
4b9883ee,502
e9ebbe71,933
2e475c0a,946
9317f70b,646
b5467053,827
a4f2a8a6,872
d0f8632a,683
fc90abdf,710
44f63ae2,831
a8648014,812
ac4fe3e4,613
801c796a,570
e73a1596,716
d4f0ca1e,650
8bd0d843,786
569fbe10,532
84032fcd,752
4a8367b9,611
b083ec5d,505
93661499,1010
7c5869e0,632
0864c937,767
a83b06db,536
0613fc01,909
c96c9e56,868
e5179bbf,837
e391abce,763
7eb48397,855
530b3891,942
094fc56e,1010
8b0def3f,881
457f0e7f,855
7eda08af,704
8c7581e1,770
d3422cd5,562
29645b67,952
f28f7145,958
dd6641a1,781
2d47a2ed,680
b3ad0848,806
2a884f1e,590
d3fbd351,558
243b37bb,654
9279e2cd,638
ef908f30,755
d45eb9ac,677
29930d95,1009
51264334,1002
2d9d949e,663
a7f54288,842
a7f74ed3,936
ef115de5,710
e2821c64,1004
9705e7c7,930
d24d3f54,1013
3c5a982b,668
cbfb2a13,996
b86bdaae,795
23316782,658
8983df34,974
f029854f,601
772e4ae2,966
85c8a77b,876
62a568d3,837
00895adb,703
d4170595,862
086bcc06,655
bf9fdd55,685
9018bdbd,870
ee3f0b6f,554
a1ec788a,891
687c04c2,505
1c504b33,938
9ad0c21e,525
5713bca3,544
8f32ee11,839
f638ea20,1012
a62b075a,786
cd7d0cdd,985
0006610f,507
824756d0,888
8d8dead7,867
cb301629,861
ac34358e,955
23b29b13,764
d6fd96ca,710
edc0acd0,936
fb4b22dd,856
e7d6db55,946
b0bca743,525
78376aa5,733
be973624,714
fdefe82c,714
4415de73,701
54c0d63b,696
1b1f5b30,672
c9e87de4,613
42edcb34,999
a2a09d9c,688
3c8da816,769
d133bf05,540
f6772306,610
21cd109e,650
5ee6eddb,566
b632ae91,786
f5d0fab4,697
15aacc4d,845
84e2556e,859
2447b245,725
49da4652,593
ad76dee1,636
423678e5,686
64828fe8,988
a84efe73,831
ae755167,879
f991bb65,512
f1eba5d2,589
2b217ba4,849
a8c32bd2,869
b315e6c9,672
883046fa,870
fc5599cb,974
581a5757,709
c47216f8,586
c37ac4f5,997
ee48a222,795
c8e29463,618
10470d75,749
f5f4e1a1,1010
6e7b71ea,600
30c2a46b,752
9ab61d3c,939
da9c537a,961
087b3929,567
2663b77f,881
5af7e20b,734
1f73321a,954
231edfc1,878
18007778,568
7e526ed2,986
89c32afa,773
7e75a52f,725
9d9be70c,952
cd8f0fd1,761
e188a59a,849
f3276b68,538
08519a09,1009
ed34659f,709
0155012b,811
d5cb89bb,966
34cb3364,552
6e4bc678,663
75697ae6,918
c7e276ea,868
ef36d5de,564
1338bce6,783
de7ef239,867
23dc0c04,556
afee7738,961
b2e027a3,838
3e3c3ef8,628
6ef916e5,910
77ba0e26,839
ea3c5e5b,733
410e9cb5,926
f82261ab,973
8f8bbf90,501
e7621748,517
d80ad8e7,893
f3ea4812,592
553f577f,872
9b1dc3b1,667
e9b52f0e,941
4af86d3c,663
fcdb8e5e,870
ccf59e7f,621
4afe8f33,589
57357cbf,767
396ba4b3,995
2ea48e30,554
f789bb82,855
244dbed7,658
d3ec1673,988
eeb61bab,1010
76d47b1a,865
ea234097,713
29215e68,646
b9716761,743
7302578f,952
a7bf098d,632
30d40817,650
dbdfd2e1,786
c289e654,702
0b797494,925
9468b0d7,823
28e2ea93,843
14b848c2,578
c5182af5,539
6c7102d6,528
29e19e86,871
f4e3a83b,832
83406bad,652
8f8a788e,774
5d912e63,770
b478da43,624
746f00f3,992
821499d7,639
d96d5b68,848
75f1df10,513
37d3e24e,567
91153f3f,840
9c289930,625
8cf7ba69,592
634eeb9d,862
c2b6fe9d,709
3f357790,851
412a216c,677
2c7f01f2,723
36cb5bad,983
00f0e057,612
8692e3f3,534
c6a0d117,572
37f64988,733
fbdf51ad,854
19914a31,873
1d1013fe,1012
5fe71fc7,797
2319f0c2,843
89bb78c2,839
5729e4de,862
75c08088,719
f099468a,772
e229f089,756
9f23ade3,859
51ca30ce,933
54a7fb71,767
9cf35f1f,786
9fe6eaf3,643
6e5b15d2,718
72ca3065,777
22f5c84a,866
9beca81e,981
29761167,503
2954a5f8,749
860d3f5a,859
6d6fec63,788
16810fcb,805
b131737f,822
5124436f,796
34e2682c,504
e06b666c,831
194ec1e3,837
b1ac0d86,721
dd608a2b,792
2dc86418,736
26baadfa,547
5dfd3ca3,817
6aec5b98,505
e431bb5d,630
69c95b25,841
7b0b2cbc,624
b801d5b8,652
b62c7586,652
5319dfc7,933
68b1e8be,873
706e46b8,653
f93f5654,872
18db3150,975
15e62b9c,0
447c92b0,899
3e0efe3d,513
853acc12,662
5c3219b1,883
951e6d3e,644
9aa9f708,567
cf906d75,645
e4812536,837
2854d3bf,518
22561ea4,805
44817e1c,709
c13a0604,860
5fb36f00,773
e3d8ee56,713
82783029,988
1b60b046,973
33f74409,664
e8a6db3c,526
c3dd1d22,553
a9c913ef,839
a7b8840a,794
3ccffed1,603
6206f091,822
57462500,910
970dc426,946
c8b8ece8,622
9d0a43b5,786
f5a111ed,897
06b5f957,772
67dd97c8,737
a0d823dd,944
212b9b28,665
fcee8021,913
760b8df0,556
8edc4f89,666
435c8346,776
4ca8b270,682
c398c0c4,701
65d00e9f,819
a8bbe371,627
2acefce4,784
115c1de5,624
7afe5711,516
bb016a24,685
3092934c,885
c0b609d8,570
cd2b9b73,744
00d587ad,674
44cbe45b,595
be9f6fd1,700
fa8bb8aa,898
16397e31,841
7060ac59,547
533e62fc,716
ed96e9c0,773
22c0f98a,574
3b33338a,1009
be2a8996,638
1b58690a,547
faa705f6,537
82adc577,998
1b06a5e8,711
02559d71,689
7c2055ae,703
c59e8d51,903
a32079bd,638
689c3525,756
c072796e,666
925080f4,837
f051edc0,611
cbc585df,953
7ccf80db,624
64b50db9,700
0b1b0aa1,880
4e17d1dc,699
8252bd26,1010
f517085a,823
8549a5da,1010
ff4ff136,565
4313f465,929
dde3c4db,855
000e3f26,1006
a90e484a,565
cb42d80e,643
c2c3734d,956
5237f40e,977
569d22bc,905
5f23f871,700
fdfd4cf5,631
0786a89d,841
f53f7ded,559
db15d27a,703
55d84b0a,545
a498d51e,718
65334533,722
6dc6e644,643
3cab9c6b,692
7b0a0411,933
4a877b17,872
5e895b62,643
5e2d9290,974
4c68d490,654
d9e7d234,864
797430cf,954
de888ea9,965
24a8809c,540
51209b07,956
24736851,921
1de4494f,910
38d52c20,807
3845e5a5,879
b6efb1d3,1004
0d3a27bd,947
bb642859,905
f4616a2a,652
3b7b5c26,803
39dff252,845
cb19a816,682
bcb855d2,971
f16625db,713
700e6e55,638
a1a67c87,665
5f5688e4,784
3a22d1db,923
5549eae5,511
5b6d2d73,911
84d2c9e8,596
d26a72d0,567
e88cfa56,938
5775a73c,796
452e98d6,913
9e32224b,797
30f737b5,610
9330e39c,601
0c010ab8,538
3e9107c4,564
1d314ce6,782
5af0b3a9,680
1b410dbb,517
f114ed78,707
9c9429f1,755
419a135e,558
3b84b959,911
f81dd82a,782
a1b62719,676
c9d4e99e,989
1ddd44dd,941
764593c7,925
1f7e06d8,1004
0e8bf5d4,952
c49c922f,872
80733d16,629
7b53eae4,818
09e132db,790
1149ecbf,832
82e001f2,691
e7580bd8,734
adf2d560,676
a698d89b,770
62d2478a,980
caf5e784,619
8fde583e,554
29ec21c4,580
6feabd23,895
55f8ddbf,726
c274ca98,872
cea3cc02,901
1c35d490,644
7666a517,881
1d0ff19c,653
4788844b,804
c4e4379e,620
28d0dd75,893
9b618b61,668
9fc31482,921
5f130e5e,919
1bc0b9fc,624
f9e11d7f,627
8dc3d402,541
01d0ae54,538
de08c942,731
bb46a0d9,876
9a830041,847
c263781f,638
4c9bf239,647
117848df,562
02cbf609,973
033aad1a,925
43a6d054,971
3c22921f,967
d45b2f52,947
b8b01747,861
e05cc2a3,536
20b12c61,644
8b7298e0,792
394f0cbf,809
b4625247,859
c90d229b,774
1eb06f03,803
1a16a16c,595
21cbbc90,686
89b80388,899
233ff4b9,587
749b42e4,890
f6f0e82f,972
febf40ae,524
e6822e89,716
9a7bfeef,758
61e6373e,855
0ec1f438,781
ef55e7d3,980
c98a39c0,577
3815e9a7,549
d77bb1c1,1008
d142da3d,1005
2b2dd9bd,846
700021e1,843
36c33642,909
e3e686af,571
16f4ba96,595
de10f655,864
e4245732,669
90f580b4,567
a8d03107,764
7ec4b6be,1010
5c77f02b,733
a44cade5,625
63f98ed3,692
95be2454,587
e0b1667c,508
e90fcccc,586
74439b0e,820
11e6dff9,794
249587c0,722
f0955cb5,721
af53d48d,571
77c2824b,893
78e3214d,668
724a6531,995
0d563955,797
a8fb83ca,1010
d16f3f43,505
77569cf6,713
182146da,0
36a4b58d,573
0dcca1ce,772
6250afee,905
90dab726,829
fdbc52d5,919
0a5caf75,836
dc49a7f0,667
927a6fb0,803
6a059423,517
7ff9a09f,999
425e1953,573
3a3c6ada,1007
92974783,952
22f42177,511
6daf17ec,788
91e4b501,643
a9f990ab,766
13fb8f60,920
3735e726,706
a425373e,725
023d00fb,553
07d42bec,1010
61ed7464,624
02356c31,822
2f83014e,734
71611a32,896
67c2c53b,514
85a31bae,993
b29313bf,784
c009472d,909
b1b7b6b2,631
9704f276,837
e55adc47,566
7cf612b1,769
d6f46ea5,831
808b5bc8,564
8c141ce1,557
ba8af8ef,839
c88cde6b,590
5742dea2,952
6e0f3784,852
e603e64c,873
2ef205f6,548
b31c6c02,577
f752eabb,808
2aea7954,996
2fa051df,707
06bd0f4c,958
011e3301,669
6678d424,1007
307be200,574
9044c6dd,567
5f2fda5f,633
52891cbd,542
d6de22d5,689
96e9314d,502
d78675e9,985
5ad747fe,617
66159aa2,782
ff847176,566
c5b1d7bb,786
6bc92e77,786
137eb2ad,1004
e311190d,723
89e5fe6b,631
e4e8beb3,898
3dce06e6,669
52075cbf,980
53325578,567
aaaece5a,652
b557de0b,894
7a91f9a8,839
752ce3f1,878
a61b5425,581
9916076b,914
0062e8f1,723
49a2330f,918
aebd6ca8,678
96b790cb,538
817b5746,909
b0f1348f,890
08e5270d,507
aae0a2cd,501
f5dbd510,516
3c56b93e,500
9a670dc1,676
2bda5cc2,668
45807938,974
6d02ef8a,966
ff9ebfc5,586
4dfcc920,837
a2046332,911
ddaaa851,870
f974c6fd,978
ad0f89c4,879
9f958ec5,955
f119beb7,843
eabc3e69,680
a5ece0f2,888
f36533d5,965
3712ac04,1010
0f64bf5e,500
48f723d2,766
d93d8ffa,861
c2d60e9c,591
e6654a18,872
07d59f52,612
5514f1db,803
a2f169b1,796
2af1e824,1010
c9c27683,827
a3bc98c7,841
b09265e7,958
d8e8dd10,837
1cb0cce9,631
7a1f3a4b,703
f166b947,588
2913fafb,502
6dfd1b41,963
d170273e,691
f0efd249,915
b66aa724,932
9b6121c1,822
e270ca83,795
fecfde60,943
7dbb97e8,644
3474d9e6,1010
194fafe4,891
f1d52b84,647
c3cd2509,517
e18c1033,885
bf7af876,909
2d7eecd2,896
5c82e933,907
08b2d1f1,819
45cfe547,645
7d1ec6d8,945
14c97cc3,508
66beb468,732
9030f377,643
1ba38e8c,982
d8b66757,539
e746d4d2,551
c47f9b26,842
c2485925,769
ec8d9ae7,972
9315455a,551
0d8b64e3,526
f2449584,859
4358a54c,754
fef9bbd2,914
80fab7df,705
873a1b03,594
bd8acf30,963
23910e26,918
ba8205ba,891
574317ff,1010
68f198e3,782
6cdb758b,817
3ec9be92,1010
19f01d34,671
85929c9d,591
109508bb,934
02b8a794,672
cebc7708,893
95f75f96,686
0f15e0be,532
434ee934,776
398da045,843
656d9acb,503
19837e0a,902
91de535e,713
bbee8d35,998
c7bd9d1a,616
f8325944,936
dfabe907,921
a8f98216,777
15499ed1,579
91fd2c4c,574
cc38de4a,682
f1abe024,911
bca014c6,603
3d50d03f,681
8f2cbf31,547
c3cbb9ac,815
f53e9905,658
5b800190,863
80415077,685
2948617b,548
40fb70f2,749
2b0e6cf4,817
d8e579c5,776
55c735fc,696
414c543b,524
85975b2a,984
82cba4af,923
619ab93d,730
68ae2826,638
acfe5749,580
e1061e50,786
8079565b,890
6bf273fb,536
56cdcc21,917
00b42c3c,609
819cf7aa,857
27a26327,867
e8ccc444,892
9e3fc082,539
52bd280e,784
6f105075,691
f64a1901,502
8ba00f4f,952
4da6509a,937
bb91ab01,514
f69a616d,737
487a539b,951
f31e43b5,617
a7c810a4,559
66d3353a,625
af1527ca,988
892637f1,0
ec65af1c,612
010444ed,834
8b46cec8,797
c7236ba8,542
bf7f72d3,534
6a2269e3,815
117ad24c,890
125b8f56,801
fdb93382,776
a53c816b,710
f384d27b,831
045e11b4,715
ad4416cb,573
e47b4f9b,850
20196c98,612
82e87562,574
7571d08e,854
fe01a403,898
15bb3b40,585
f1fea498,961
3a165a04,980
8342b0af,988
822d43f9,780
1e741f17,992
17bda173,831
d804e042,905
6afa9211,902
370ed06e,738
fa960e81,726
4d8c2913,610
c849afcc,826
a9053920,835
a87e46c1,985
820de014,888
72372844,704
7ed12d95,610
e8bc6a4b,609
a4da2022,996
256a13a4,574
bf932383,768
d81f9e1d,1011
ed72b8a8,695
c5f9a8bd,537
a576d094,697
d3da4805,842
15fcf48e,780
0cc0121d,919
9eb1ec11,856
15657dd5,608
b64080bf,835
03fd4506,506
26d1582e,845
d7936f0f,753
1af324ad,981
2d2ea580,829
0751f1aa,615
5e97683a,676
f3aac467,915
41e52b7b,549
f0b903a4,902
1a2858e2,686
996aa324,953
1df33489,745
e16fac74,668
70a0d85c,1010
c15f404d,952
8adb55d1,786
6f9480a3,729
094e5665,733
9f420627,986
13a83a72,915
9bd6d11b,963
96ffe09f,572
768b1458,620
9e48076d,936
55efa25f,981
97537902,767
c36912ae,638
fa77d76f,1005
5ce2b699,929
4577c524,646
3f392fd8,868
a4230587,948
1de6042a,611
158c89d4,716
32a8ad45,953
8da18852,839
684606a9,956
23f9cef5,668
0924c6b3,538
bffacd03,1010
f3d11fc6,752
31869fe9,981
854c695f,515
635ff204,1005
0369e633,657
837e9a86,947
fd9aa2e6,957
f249506e,788
5af05288,617
6a23fce1,701
d891f48f,709
221a1a9a,907
4c6cbb95,707
bf33429d,500
f9e659c9,516
76aa54d5,544
ae077804,631
0bd331be,845
d5157dd1,954
2e86c248,682
c4ed9362,605
d5817ffa,643
82cb5cec,691
f24d80cc,676
18625931,861
822e90db,533
9c98cc50,954
0a12951f,652
fc0a698d,632
72e67176,745
867c8438,753
161490de,959
539db6ca,710
36272a91,826
c7abd55c,965
db486d53,544
459ca947,654
3682a2b1,675
408f47af,615
a2a28a7f,741
7df7b3cf,737
7b09da99,553
4c6aa188,635
7357cc2f,679
49b71bea,1006
599ff792,615
8f166592,613
f9afec84,932
2859365a,994
192c65e3,754
7b1f1c0f,847
95add25a,857
675ee475,915
7d05b50b,781
49fbefed,631
588b07f2,855
482537b3,870
f51aa1a5,861
c98d4c25,1010
c8dc336f,665
990963e6,737
96fb75eb,690
0b8ff8d7,826
1737764c,930
da9a9636,676
8aca7437,908
783cbfe2,596
603dd396,878
8919b05a,677
e7a7e80b,713
0f3f0532,915
7f999f31,872
68062c99,773
c1b3366e,1009
ad5f53b0,841
3e8f8a38,691
db995431,727
1fa9a847,691
707f514d,526
2117f9e5,550
30dcd0fd,654
cfdcaecd,535
b20f913a,943
0aae9140,501
5a029080,761
6353a2f3,862
97528a22,951
a0b08128,551
657c8238,709
407f468c,920
105fe372,571
61ab9400,679
95fb864b,1010
982b9fb3,691
b812195a,713
aa754e41,773
74f90109,604
87ef0c50,997
b3c0e4c8,883
ae9e40e2,715
5bf6f839,864
c96d727a,845
b0780526,587
956138d1,678
746d54c7,582
b573a413,988
53e50f0c,831
d0a821eb,908
6bd38e34,576
18487a19,586
68817c30,683
46c7e734,848
ae6eadbc,878
ff5978d3,869
6bb2bbff,541
edd27b0f,624
b955c2bb,841
d32c6098,632
ec3df14d,658
6b3a032e,749
83e53367,681
308d5173,882
b9f15c85,775
e84fd602,715
e4bc0731,979
306663a9,917
04207b7e,557
734c7eb4,871
34ad70bf,590
6da942f3,807
a1d5498f,814
b9dc76a9,818
8ddede7b,834
b5942c49,683
ffb4ec9d,686
27736afc,827
14eb14ad,790
9ea24552,993
d440ad19,942
179ce9f9,847
444b863f,857
5ee0090f,615
1539c4fd,780
c9bf1ae2,652
6c9d1e13,791
20642d83,659
9a2bddf7,832
defa7c23,737
b5474f26,612
c06887f5,666
47de382e,814
f48d279a,776
d444821f,943
b5f25c92,729
348ad71d,590
36b17bdf,818
2ee9b209,849
2efc8978,786
0e374621,594
331c2c58,957
d094ebc3,963
0d305c83,811
a7973a38,877
f90fc95c,917
1d981753,567
c88f4d11,666
db4a85bd,892
70292d94,954
fa2aeb10,539
41884d64,610
97bc58f5,909
fb64ee5e,634
efc941b1,960
94b39dab,739
3e9b9e67,758
c64e1500,872
2f74af54,740
b06db3eb,638
6925f79c,774
e9228f18,879
9bf1c940,697
b8bf7b0a,922
7e97f1f1,658
12417ebe,881
39740c07,576
f4836a21,1004
1f171c58,983
de0754f6,843
f1938ae0,696
2ff53626,832
2202413a,761
d77b639a,553
588c8b3d,540
a63eed06,786
46419096,1010
9ce83874,835
ba9b2e24,707
201a7de9,957
4ff32eb8,524
7dff4af1,912
26b9dec9,1010
6dee2396,853
c874a5a2,505
c6ab51aa,566
1c37e29d,773
d990e9ca,926
5c8479c8,681
eec97caa,911
d86b57a1,817
483fd7f4,822
30d5e686,558
40bbf5a5,918
a236b244,954
57f6892f,988
1dd64529,648
7a882394,547
cfcb0974,947
531c2eae,628
147b0735,572
5ec9955b,998
c39373fd,679
e7faad5d,655
3f295c51,774
d74d2b27,683
c5132092,774
77510d9f,714
bf2836c5,860
2dc21ccf,1010
0afe3c6b,573
0fe1172c,695
66e5ecc2,905
2ca17a13,786
9522b902,855
c4b86056,549
0493a822,943
a74591c3,837
115a96c1,847
b3fd2b5d,575
ad5f2df1,836
81d880b2,958
608be89c,803
0d54cb28,846
92bd5bad,796
bb235de1,898
14da3519,990
16649666,973
7666c8b7,658
6981a538,680
c1ba170a,771
0d66c99e,690
d8e6d021,521
1b96e0a4,969
82c0c464,663
f363eb3a,510
34af94c7,507
53bf4a1e,523
06363ccd,679
68c5e22e,678
0fc940bd,537
fedcde3f,749
2d6dc926,769
5b5167b1,817
12e1d5f2,815
59de1864,582
40fc5ef4,632
ac2e180c,577
e03f4435,677
6dff9c65,892
54e8bfe5,548
ccb24da0,720
54b1bff5,830
5e14a4ec,911
96f78661,786
f2e3002f,882
c0968c6a,683
1ee09a66,732
df55e727,981
059604fe,520
0b6a3196,952
5564a07c,918
4150450e,510
c62baaae,979
66e3f32a,974
07b632a6,880
75ba8643,665
675f8e51,934
f6a34056,848
2f93de16,953
c856e702,582
e66b066f,919
822a3fbb,769
31ac23ea,891
e8abf8b7,559
e3265951,997
5414bacd,923
09456fa2,979
771eeba4,713
4bdf3c18,614
c0b8176a,878
292596a1,516
ef6c12de,714
5a522487,639
404c4ebb,955
46490c87,814
f0447186,659
0df28490,604
e2edc697,567
dd40d256,913
5cc2c8c8,869
22f577c7,594
716cefad,919
e9bc435e,564
942be306,950
0120eacd,779
87e1e446,921
ba000e72,616
085f7a06,643
17471335,668
e1b5d636,567
8e1de2dc,699
910dffc9,848
a5234705,717
84b5fac3,725
1291ad95,838
16d271f0,539
ee6f48ab,811
8423dc26,804
6db7bd92,927
b2e6c993,547
48ea7e80,687
3696817f,936
42ee574c,958
e31949a6,669
afed5319,811
f7c7d1be,752
ed374974,632
d7f43ed4,601
232944d6,683
00f42825,732
87a4f1c1,643
b060fd59,567
468e29e8,522
e93770ed,729
1f6acd40,575
9c5009cb,699
e43382a1,914
c931c8b3,993
a8e27f2a,524
5d12f69a,769
60e2754a,602
4be65727,981
f29ddf2c,750
14d8bb62,542
d12e6ace,803
5970a80c,911
a758034e,793
cce73bf5,700
3acf0be4,746
4810a694,796
77a73eca,814
db92254b,890
b7ef1ce4,687
ed3a5755,592
9de5c581,811
caf569e1,0
3f5a157d,779
81231883,955
9157e922,643
677e2bac,689
30013329,542
ec755f63,769
a12acda4,663
dd9b0ab7,707
d092ee6e,894
f41b824d,707
d4262ee3,736
8cc407ae,538
94f7b0a8,594
414ffcee,946
ed4b41d5,767
c2b3ebaa,619
cf87eca6,946
e38d86c4,1009
a7defc60,956
89ae49ef,802
798b5571,891
b4470c7b,584
f9438d74,945
37972bea,616
5c897bd0,845
fbf0ca90,768
58414d36,596
19d7e638,959
51e66999,887
0c0f35e0,845
329ea6da,994
5d73e964,992
419938b0,880
10947931,906
9d4d1c64,866
c05f29f5,592
078ab4d6,641
6130a0d7,705
774a5a39,956
3f912ec2,893
5c9b58da,594
20e0104d,558
5f004f1f,919
167a932a,939
bf721948,666
e6340360,833
2a4f1853,804
80b7ae56,522
9470d7f7,839
189929dd,842
6fde6263,521
ae0280bc,794
962ccc3e,640
22a4d36e,812
c45a7847,681
76c91602,982
62a7962d,657
42f34027,794
05938067,857
69c2015f,820
a70164cd,776
6a8b7515,583
d8c0fd72,528
74713295,956
bbc65895,532
41b59309,777
03a47eea,819
76bc045b,744
7ec45d14,503
391b8216,952
1e0dafd8,549
d5ca6d20,983
949abf09,961
89367da8,941
c315dab4,537
9f44760f,505
a81055ba,837
6877441e,639
17cf1297,888
2e261075,697
2b7f2351,1002
df31c8bc,660
0faf3810,521
f7541435,924
e0ed3e06,706
eac01de2,848
03d17e6c,942
cdbabd00,948
cd30a49c,621
1a860210,909
225e0f4f,660
aa8719c8,647
a9e1a086,653
89a94a98,963
cc19d37b,904
6c4c62b9,502
206dd7b8,860
f45e20f9,669
ded10675,929
aadd6b2b,620
2397b56d,828
7bedd28a,1010
c55e000c,539
ac70e020,995
7e2772d0,733
cccfab96,534
9d44b01d,817
162af6f9,952
ebc446ba,713
7579d584,714
5f23fc61,614
f3b2cac5,772
c5d75364,861
fa75e5f5,897
f535e79b,971
77276063,512
19796c1b,628
6c29dc17,918
0622f3cc,612
9ebeb020,925
c148ea0f,524
5d2f1ab8,701
7e53a483,941
4feb7f69,884
f8111314,783
b06b1d5e,997
f400a84b,842
216498df,551
dd05716d,644
3b4715d1,538
fc5d2fd8,713
512c5f7a,595
31df8e7a,802
90dab4ec,877
b1971190,944
f47612be,580
22fb6f22,723
6ef91837,838
22546735,963
76aa4a81,743
c5b0e46d,873
4dcdaa7e,597
e7f3cc4a,936
5234b451,988
53d82145,931
ac96786e,564
507e5c2a,983
9e9f4c87,577
57f59d36,801
cafcdc2c,796
3ade4780,828
8da159c6,862
b9cd9a8b,884
0d39fe28,911
7f8d6603,837
2bf2b614,526
a7cdf131,668
03e8bbff,633
18ba0e63,614
3d6e91b7,746
51fc22af,881
4c0cac1f,786
3f967aba,602
ce404d77,762
50504f43,936
bf7c145c,705
053b6be6,774
3cb2963c,726
2755b249,945
f0281889,861
8b857548,782
cbf9f413,558
497df9d0,800
0afe7e89,658
a90a4de1,961
a6837321,803
c5aed378,744
6ce3c9eb,609
b98b99b9,954
72dd9a39,786
1256bbde,546
dac28c99,845
f497da01,954
afbef53e,786
0b9c7145,823
e4150fd9,786
09988c99,713
5e92b4f9,632
7590fce9,644
e97eb445,707
665e9de0,917
d667d123,508
ea67ea54,834
3f6f9779,870
753e4cd2,901
f8a2d20f,775
7e738d77,958
cf33e3b1,930
c5199fea,963
22be34be,532
3d46d689,684
7669fa84,1010
7b446205,899
e19b245f,534
84aaecbd,515
bc20a17f,962
fce87ba2,961
74e43def,922
02fa7603,968
3b503283,686
49805034,520
20036511,597
d8253829,501
3fa36235,690
721f3f45,954
d0044065,575
ef0a8e68,966
bb2a6c4c,666
a3225493,819
0a3db8b4,692
d7bf76d1,691
51664ea5,687
006b1144,820
e28d9696,528
7fb8875e,767
24679125,583
821c1090,924
bc9acff4,999
9c452f12,664
d1278b9f,529
e24549a9,567
1dda2e9d,624
352bd2ec,512
7ed72cdd,717
e5344f6b,620
d953d74f,584
0c1fde5b,506
ea2465e3,806
643f0384,640
e6501cde,841
c2897377,774
6488ec74,684
b31a1050,545
7404ac20,596
a243345c,831
5c17e01b,610
b0aa8a25,503
cefa4e26,950
473b6fa8,768
8cfe8381,835
a49cdd1a,702
341945f9,753
eadf6370,717
ff0a864a,772
41f6f7c1,925
6ec12b11,562
700d6337,794
f96f6c45,948
aa58ffca,866
c7a3ed05,763
e004ed4d,767
6fd85a54,859
cbb3904d,814
636ba185,913
f7455a82,592
b48acb6b,794
0c338499,881
9783fc3f,851
6a96332a,631
edc8cbf1,748
0de52401,617
d6366f67,765
d9adaea1,710
40b280c5,984
3df3f0fc,508
25d2fa3f,1011
8d9a0d43,989
32e0a4fc,629
f4fd34a3,864
07852583,812
11d6f17b,605
f28c501b,796
d098fb99,880
b1bddc61,644
2e8ba73f,811
ea149b62,607
4ad24d7a,834
e37c1314,701
7272c4bf,773
85e3977d,511
79ae115d,561
4a0f2944,873
2505fe2e,868
cc0086df,823
41f24660,952
56ea8cdc,582
42bed3ba,901
8e273a57,799
5338e034,998
47888ce5,814
3b343db2,604
2dd7d3e5,1003
583ab12a,542
29a5fe4b,870
5e7ea928,999
39f0a6f5,666
cb218c76,839
05ab9015,910
eb6b34bd,887
fb3d8caa,952
d1a4c764,800
91732081,810
a66e7c53,716
472d8fc2,778
68f90fc1,0
0a2cdaa9,960
1e8027e7,996
977630ef,642
74842beb,566
e9cd9c33,802
b06e45a8,515
37c0a693,955
2dfdad05,978
be38e687,845
c0c10b91,555
1bd504ca,602
1a13440d,997
c9158d00,806
e47f7cbb,528
4b014cc2,711
b5465960,502
20970e30,927
b8f57215,536
8098e97e,763
509fe57f,567
2011ad5c,633
f0bbbd85,932
39043812,832
42555b6f,1010
6079636c,933
1d0cf766,776
8b820ba8,681
70aa7b49,960
5efc563d,752
78840939,885
c2323cfd,682
1dcd772c,892
f242f436,701
2aabfa5a,586
bc6a887e,562
d82b2083,795
973d24b1,840
9a09968b,727
6cf1d987,729
aa49f23f,852
eb926139,960
78774abc,918
3cce5f7b,883
7d23b503,878
f9d0de67,542
9fee0020,857
84eb499b,678
a2737e3b,795
17053e52,834
016a0a8c,827
f00e77f0,503
d6db7fd2,781
96e71879,786
28a2774f,845
7e5f331d,509
5bbac1a3,877
4b5fa87e,950
87745f1f,827
8b4eb7dd,836
351d1d34,670
866c5304,934
e214b3c9,618
9f5d6117,820
0df4c1c0,852
21489e7e,843
bccb143f,589
ade2be65,973
32c1b27e,674
9f65ad6f,786
348e9b24,814
871b4ac7,956
6c0e1bf5,836
88e82435,539
a7077db3,521
42be2279,971
8c1b3ee2,873
aa5e7f3f,556
056d8ad2,1013
1a9e0fb1,702
6ebd622c,739
f2825aec,995
5bdbf599,805
d9ebfba2,803
0d670acd,518
3dec02f3,500
b525b9c9,503
f6de1be0,749
fec0ae55,827
1ab28710,728
88c6d53c,558
b22006ee,926
65bf061c,842
d450bb2d,551
1fae1c84,786
38c08a64,703
76751f07,878
84653aed,917
328c8185,681
73f4646f,876
8583a064,864
07602bab,829
bf530802,686
3e5f1053,994
9883bb59,1012
2beb61b7,892
15b04d02,954
d6081a86,526
eccf114f,870
c6e48a8b,527
2d699108,583
0d0fac1c,629
37e43f8c,787
78d8999f,504
3753d62d,623
3f2f2101,723
e0e7a8b2,914
1189d560,831
88579778,644
827b2e35,751
a2a49652,883
2be04c38,848
c7a37fe1,574
8ea59966,576
f65ad8c7,767
21c28539,613
391177c8,987
024c3cb8,827
140db647,864
a4ec6a62,766
7dba5e5f,663
86eff6cc,781
11fe3f42,701
a1bd15a0,697
569fd2c2,761
bb8bd53d,767
5e25204b,1010
161bf17b,602
3da89143,716
6e9f7a22,681
a2d57564,0
8d6850aa,506
7a3b5c37,894
9a528d04,562
81ab7449,977
68b3f3a7,562
813a187f,687
f1279aa8,734
c335e367,682
794eab7b,910
aaf17c0b,837
0e359a93,963
40f16041,818
56f7f9fa,915
93bfd7bf,744
fa12e102,803
bd407a5e,958
f9e0748a,761
780725d1,516
902a0dff,755
54648f2d,985
60c37d6d,666
d544a429,803
7219a1d3,833
8f59bd18,775
572c80cf,963
6392481b,686
1119c9a7,847
44e25b61,674
1c924b32,812
6d4aac80,538
41decd9a,714
436cec7b,713
92641ff5,901
9f744997,812
eb4052a6,932
13d96cb3,987
e72041b6,738
e6b6b78d,1009
d6fb4615,598
14b29efc,734
7977f8c4,707
960e740c,582
c463972b,605
f1513e3d,944
65113b57,883
056fd0f9,840
ebaf6fe6,561
ded0af4d,525
5de781ac,830
40c823ee,507
80b240d9,700
be8c5d2b,676
0011aa91,662
5c04c14e,988
0a7f86ec,954
51270408,979
96301433,787
179cd096,768
216a2289,571
943ddd3f,904
7bec1f00,926
a3e9d147,839
138cf5c3,998
2d4657a0,981
0c19d631,870
2078dd2a,610
61e838fe,933
7aabccd4,822
81489db0,786
b576e76b,732
69865396,841
b17a1999,950
4e6c1441,552
a6367f76,553
1d07c9fa,729
70297c00,884
683467a4,645
36c4a6d6,745
af0c8a09,897
2721996a,879
36f6a808,911
0234024d,842
67c3fae5,981
bff5a349,837
ae4059f7,758
571ce4fa,975
ad3d1be6,902
aaa4cae9,515
5edc4bc6,908
897d311a,631
5cfe921b,642
777ac976,680
ba8901d8,999
925c8508,807
88d78008,562
6cd81113,948
1f1418ab,628
34b4a55b,528
ff1c51d6,803
4445732c,511
1785aeb3,899
5f1ff22a,644
61c7d8ed,540
f0f2061a,692
0cad6ce5,518
b167a905,722
f1409435,683
7937e308,903
d7810a24,794
9fc355ba,572
cfe79dcf,960
e49f6a19,1006
8d7b7661,861
9998d538,510
060637de,776
161cac47,511
566b579c,884
81fab09d,1010
5c6af433,670
46a70dfe,857
dde4b2ae,662
bc8502d0,1007
50480104,538
7e25362f,782
5ff6d569,955
9e5c2ae0,764
b375b9fb,556
84db1367,624
5900d4a1,720
d1889885,952
f50e962f,713
a716685a,625
7d711e89,547
30b9f216,827
83a4298f,552
edf0e0d6,772
bc091a08,795
2278a596,713
e0fe732f,567
a8f3a687,768
08ed309c,731
d4ee3226,631
537a9876,1010
065f69cb,809
c785469b,602
2a71cc96,1005
e2e372a0,538
4774f0c2,741
27617334,791
43641189,769
ca4c3628,1010
c7c109b8,668
89585284,947
1f11316f,882
178ee626,824
97d41bd9,1001
599cbef0,900
fef51f55,795
a631534f,682
0e001f9d,720
793c42ef,882
fd3e4bbd,932
ede818ac,763
f1a88d22,1013
7fd7fc69,551
da7fcfa0,786
2592cf25,504
b3a0d7a9,697
7ab669a5,839
b2f317c2,545
4224b626,897
84564b02,658
3e2b236a,903
d7ad5ec5,838
e26dac90,862
3edbc238,624
93c9de49,932
bb44bbd4,1005
45233d36,770
c0fa9e15,574
962ce806,841
333a3116,879
95f54350,873
ae937568,1007
4c52c6c8,923
9f65e1ca,527
dd2813b0,986
ea413828,593
670e6d48,802
429f5302,820
be226397,581
414ee79a,556
497379b1,503
59dc31a0,714
f813768a,683
89bb78d0,778
a9799577,614
62496466,827
668755d1,643
6c2a5e41,605
06438543,546
b5611eb4,554
2b249980,797
33fc8097,853
6a618500,945
6cc2ce34,727
479f8d5f,1010
6c2db980,939
5896d75b,768
631fbefe,869
0980ebcb,853
81c07c33,845
3e242966,702
39374077,917
f742998d,703
bc187e85,846
fd2cc25a,755
13d8a1a6,624
130bf3f6,804
c6f5d9f6,711
8bfeafd1,500
b25711e6,637
de3d287c,589
a0b6fdb2,509
6f1e0b03,678
25894e90,895
47fbdc90,651
8fc1587a,676
a849dbd2,532
2e7d5c8c,904
8dbb1a9f,794
ab3a206b,594
eada6126,842
047e5ae5,859
2532e075,923
b6bd30d0,829
fbbdcb71,893
f7328674,641
546e7bd7,897
1b1fa948,503
0315c600,546
fed66381,974
6d9a3be9,783
9aa446ca,716
976b771b,892
155398ca,975
120b29d5,772
307fcad6,735
eeb0d770,651
ea577804,669
1c3bf85f,676
b34a5777,509
d8935644,641
170a41a9,979
968783ed,950
c01456d8,680
166c1270,771
050167f3,997
d130897a,653
b31a3610,1005
449db546,836
0be2f4f7,647
0877a233,516
1c8dc633,642
5aa45261,784
eddbf3ee,785
33df60e1,758
4b0de80f,668
edc764b5,929
f1eb32f3,892
7cf0b668,839
3fc85234,988
284c3ab4,832
ad6fe678,818
dc231d10,946
cd69a9e1,958
4ea055a7,590
a1e9ffed,803
543b57e1,847
b8b281fb,504
9224fbfe,900
3910211c,887
af11fd21,690
537a8f42,900
83e388e3,817
423e85c4,769
aacf0c35,562
10ea54e5,854
34419448,876
56d07925,839
f92bf7ab,503
b7217710,802
48e38727,847
aec5f13a,672
d65da7c0,891
48d4aff6,734
edb5046c,511
bced25d7,752
aaa33bb7,662
fddd6207,571
6d5d20ec,845
fde40094,890
e9f3056a,739
f9c75384,951
0c134f5b,667
98c8daa6,864
49435959,583
1e5eccc1,621
ecf308c2,878
26d703ce,514
7d27f370,744
b611ed95,703
145daf5f,574
31ab6221,517
e28f53c4,591
8fb4d93f,781
cb6b3169,1010
8eba2241,870
feaa0014,676
40982179,798
4faad84a,669
09e0715f,547
87a2fc92,651
6149c94e,576
25aec5a9,622
a9972064,665
43590b2e,518
8197cced,584
57a535fe,960
716c1acd,518
0dc35596,534
31666707,983
0ba56fcb,660
26028bbb,622
15d826e4,997
115025c1,851
47b51a7d,947
2d224c53,820
e2b96117,762
59a7b2bb,752
5f40ed9f,663
5c20712a,820
767ed44c,589
771235e3,941
bf6dcf29,907
5fd1b031,682
0f555b31,985
29f30989,817
62437448,883
72a4c625,901
0f38c13a,520
75131691,722
1d93850e,682
ce2c43f2,582
daf0e34c,826
81eba640,987
e7309080,780
7b4795bd,542
971de515,807
b6670b9d,842
f13bf324,871
08e46440,787
5c3c6858,921
529c0728,532
5ef9c9dc,775
abc2d64a,536
f612bb1c,608
4023d704,822
71502321,617
e94bd6d5,837
f316a328,1010
df62210c,765
fb705b1a,539
721fc33a,841
472a2134,907
260e6143,701
bcef0a67,734
2d8d414d,890
ac020b66,566
2b9dc3ce,541
7fc64ede,644
3f86d16a,820
62a7ff32,536
1ccd41a4,792
a73cfae2,1001
19034b7d,954
d3a34574,811
b915755f,745
3b69603a,876
60f367fa,980
c225ea76,695
656aa022,816
fed31669,786
ebc5e4ef,800
d4012e46,713
ca448759,556
20621553,548
70339312,789
9f6e2237,605
db9eaad8,754
f3226980,502
fbf2777a,547
ef89ac51,852
57479f3e,732
f390ba9c,878
4f1296c1,686
8202f23c,569
fd8e1444,788
837a0d4f,739
7b1fc578,919
2f8c7a72,639
4399465c,663
dea9028c,512
d1e7cd1c,582
de96992a,532
2699477c,535
122b222a,771
3be0abe3,955
be84afaf,571
fac31ac7,932
8355cd7b,910
07b8bb06,952
8f43a0a3,783
b9c409b0,813
a83b3ff9,537
6999d42d,956
05a7e2f9,751
1c3c7efc,605
c6a74fb7,685
53e57e13,891
0a003988,963
63d2acd8,940
64b6378b,524
58775e0b,727
7457f798,881
98f8cfee,871
b6b381e0,774
78903ac9,832
86f9eea9,763
cacf95f6,952
9bcf48c5,924
62740cdc,1010
8649d1ec,915
46d4a7b7,960
fa49e5b4,767
fa1f31fb,899
20607b7d,963
1b8b327c,528
651cf4e9,567
f2709b0f,796
c5b78391,943
9b53a51c,595
76554e21,875
8b7c02e7,678
1697c691,575
af1c49d9,678
9527ecce,781
dfcc1b8b,825
837dc711,944
6063d722,755
e4855362,998
c07fca7b,805
2f2afecb,700
241af29b,756
5b9cd461,838
632a64d6,554
9573c9f3,766
d90a8ced,556
33b14f68,676
6f7afc7c,849
0518ef8c,620
739b6430,1013
5288e8fd,774
b37a4141,567
9be29603,879
82104dfa,614
ae9fcdaf,628
03068137,1010
804144da,0
a5399cd0,998
a8ffb3ee,544
ee384195,716
2910ec29,843
b5affc86,652
b6f785ef,787
6d8e84c2,559
2867f032,586
1f1ee40a,986
d65261e2,645
5706d66c,781
5eacf3df,503
f9134e82,0
67fa1505,923
8c16af96,549
a075a7f6,910
af55979d,701
9d3bc167,605
2ca47b4b,767
0ac1b1ef,790
e6b35ef6,845
eaf5ba5f,764
c8ce05e8,538
281d40d0,955
46183b69,870
358f1a33,958
80f74085,670
6733bc53,504
3108c994,679
b965b81b,959
35e10626,576
242a9c11,559
5238c94f,987
82be0767,644
500e4bc7,896
372f2ca1,669
6c3623ac,555
77e4afa6,956
f93e022b,668
093b55e3,509
179601a4,870
ade2be7c,564
83a807c1,728
ac8da42c,937
6b61bda1,696
e6d61838,898
82a274e8,625
4d4f5088,749
b53941a0,1013
e8212c79,553
033d52ef,586
b5fc6a82,830
f1bb6684,981
5b53ecbd,779
611a864c,556
5334de7a,920
1497630d,991
e44268e9,664
7bc44301,981
0d40a32e,1013
57361a7b,585
7896f98e,667
c24caef4,506
3b250fc0,622
32d8486f,973
38f3183c,791
9ded90f6,921
93ed346a,878
0f054332,902
cf78fc7e,820
a51e30f7,802
e1ec0766,957
7ce5fa00,696
d12828a5,786
42b75f89,765
67c43af9,819
f551ed99,647
b5b3a2d6,798
77305d27,644
456fb731,795
0db1bef5,912
c979e735,878
649a1c5a,652
8191d6ac,985
5d739c58,901
ae1e9904,759
60692dfc,581
97abe80b,1013
4778b633,1009
0246e65b,644
d373f760,675
0ef2249f,774
c1ce1c6d,877
a4ec35a5,820
075c279c,556
06787c9a,954
502c5687,503
cbcedd37,851
1931e5d3,813
5cf055e7,629
432ee6e6,508
f11caa54,845
1d5f4bbb,583
e2013ef7,512
18959214,1003
1a32f18e,816
090478ef,999
8319bdf1,676
24a18d54,509
1cc52445,758
facda0b9,1004
0deb0947,516
f380728e,870
6e19c280,525
f1434e56,979
96d47ca8,585
b09c8fa1,708
ac7ff47f,831
f7430f17,932
f637df00,587
ff91de3e,598
1dbbf36d,603
b896fcc3,611
47f275f3,836
a2105984,925
22ad5b28,516
cfa1432f,603
cac4dc48,953
5a97f1c7,876
0bddbc3c,710
27bd779f,857
9f2b86ac,616
cbd7ab95,518
a617c17a,932
de30660e,903
98f3c1fd,752
618c0999,589
8c8267ce,584
d2acd4aa,688
2c52dbd3,719
cc0f34ea,1004
71675a84,632
a4433862,629
50908423,593
6c604144,904
632c5b99,851
7732dc20,704
ad38b378,570
2288edb2,747
4ade3968,600
1c5213dc,957
3876207a,1009
55c8bf2a,538
6668fa1c,691
35a7585c,545
f9e97599,589
4a93c132,538
fd34799d,518
82ba9581,660
f484f9a2,779
7c23e44c,532
59334dda,559
023095a4,516
5268247f,777
4722f5b5,741
2cda9ad7,738
4bec8dea,565
720af755,607
516e2c33,627
d57330fc,564
551107b5,988
ce1772ce,660
8f47a5f0,944
0e93b224,669
ccfb4f0d,903
b83d269d,709
bfafcd63,983
588df35e,719
6203e6d1,879
b2047202,831
2f4ff276,1010
2f95fc66,1010
b5ddc0de,983
70cbb2a2,898
2da6c610,597
65a7faca,500
cb9c9ce9,701
00791ca4,671
1da622a9,784
54767ec3,902
b9d5f37d,758
67b230b9,725
3f1a6bee,1010
d3f8368b,728
1c3c0b14,933
9a721041,737
9409a892,502
1c02220a,695
be821ba2,551
b7b64d14,578
71b3e4bb,543
af017734,1001
bc75a14e,878
8f089daf,769
dee0f0a2,893
4734eac7,923
66c5158a,687
2d4b7e68,656
7e04c80a,730
02f28661,812
1a24c3a1,786
3942b483,920
4e0e7eb2,761
7938f474,820
83644c74,788
bfbd0348,686
fbe9db15,949
332e9bc2,949
e2d31d05,711
b5249840,620
6e11dfc4,532
e1935dff,584
fa581936,711
a2cc5145,904
fb45c64b,575
9150eb50,688
6854f5e6,832
e172fe91,961
835ebcf9,987
d8c1f528,769
be131555,542
b93841b4,813
b9d62787,997
36d80817,612
8c9d8f3d,663
d65dd5a0,745
35a4869b,545
26f8662b,553
25bfac28,572
9ce5f4f9,698
59b4389c,915
f725c8c0,904
20a3aaa9,913
673c929b,545
195cefca,866
efe11e00,829
0eeed874,1010
8fe3cfff,761
78244813,614
6d3b3c03,552
55356fba,755
78d99088,572
74ee179a,897
8b81aef6,883
7301685a,778
ccd52cda,955
99fbfcef,701
e66f2658,660
685865cd,853
917e8c4f,642
df36e9fb,815
426f8678,746
ba8796b8,525
ebe03788,842
a849a7b0,670
1c91c3cb,625
aa26fb5e,951
dba34cee,806
a34c40f3,904
01dc72c6,845
ebc7e2e5,674
9685642c,876
b84d59d2,633
0a5f4414,739
3be717e9,645
0966c9d1,688
4bbd61f2,983
d7a52652,976
c6e86488,1010
aad1c332,923
6efb1955,680
e87e462f,912
e077a7c0,539
8cd67dbd,713
3181f1b1,1003
700219c6,885
3767d4e7,726
dbe6c427,691
042f898c,827
17b3f3ae,1002
9017ac58,840
840cd760,574
281e8b3c,918
3bdb142b,819
677b7d2e,557
38ab1c88,547
04428e8e,568
85e2a20c,1013
f80e8ac1,779
01308a13,657
6cf28d28,933
755b7a9b,883
1d35db44,533
fc52a5f4,974
38fae272,837
46bc04ef,873
29ac2bf6,795
2d119f28,927
c1504fc0,627
c8169551,811
2d6326ff,909
ccf1a2d5,837
e3c44c27,1010
bf37f4c4,805
90b44471,971
3f6699a1,853
94f784ce,591
c1ae2830,509
c3258ba9,868
884980f6,1013
1eebf098,1012
d6db42e8,532
c7acf965,903
8f94ae42,692
d15f108e,995
63c7ca76,542
0e93d2d4,668
d42eaa41,715
3b5e1973,977
f13c1d88,842
ce3ed5db,854
70646b5e,990
043d4fc7,664
95a12c2f,592
b0e1eddf,853
63f5c794,742
8e26c4a2,776
c0927ee7,897
3e98328d,744
0840e3fa,823
23d174b3,853
36e9fafc,768
3887979e,744
804828fc,695
7cad4408,884
a555d1f8,666
33612e94,635
3b14c15c,743
9d5f2e8d,591
d1db0d44,611
1389d98e,1009
08175fb7,825
3371c3d9,754
f9966af3,611
f9cc979c,726
b23f2988,556
bb798aa3,953
0628b2b6,548
9b0fc563,701
e08c0dff,920
98a9b5a7,1013
4b885af5,797
4c3073ea,987
2eacac3b,852
9ebc756b,985
62e5c04a,1012
9ad6a36f,528
9c39ebf7,525
9162034b,523
ae46f55f,611
de0c3f74,745
6854703e,551
1afb1192,701
e79b17da,876
896280be,915
ddd40fa3,711
c377930e,915
152eaff8,536
17a7a645,690
0831d41d,547
8b373b7c,1002
f7c6f69f,883
698a0861,731
643b0fbe,885
90e71f5f,1009
3b7d458f,517
0af35807,524
45b0364e,575
73a3d035,639
10612f03,894
448e97c1,503
0c208367,771
728a8730,798
4abb13c2,691
680724c4,811
0be729f9,806
6265d2ec,839
3c964ca3,642
684e391e,795
5ad906fe,962
a04767db,1010
9bcedcab,625
80cd688c,845
bed830a2,755
4357fc82,718
655c24bc,502
2893716a,917
89f5708c,795
0dc68382,922
b3a45cec,758
1486a1a1,752
44e4572b,827
b70d5780,667
10765c98,703
5240df3c,717
57b0131c,892
9ad31439,836
61fc248d,766
dd933e16,591
9f9707e5,708
4c0ca8ee,564
0bf85542,918
ff8ed174,946
ad2441d5,572
120c5cf9,683
52d856a2,863
cad6c87b,551
1c04c37c,579
cf3355fc,684
bb0b78f2,881
861df11e,517
689ebcd9,766
937eee17,810
af7dddba,918
90fc037a,856
6416578f,580
d115e7de,580
f9f822b2,526
3d5121b9,784
169b6b1b,552
d667f323,559
480b2e74,810
379d5846,553
e0194e53,818
94150c74,868
4d6f88ec,900
27a0d70e,907
1a02a0df,857
7b4aa4df,832
b87b90a3,629
564a5646,581
5dc78d41,636
0fe626df,722
d72fb82f,958
d825793c,938
61ef0b2a,934
bdade419,876
7462062e,829
8f0fd906,582
64e41add,798
db6d0d06,877
9695fee2,947
5ceafe4c,662
36828c8d,718
fae37b3c,792
4760fb73,914
da606bc8,972
5cc93730,613
51e5a558,728
e5a912ed,746
27fb9b7e,922
a25b1bdd,864
5e8c1e1c,956
8b5caa08,934
f26a49ce,559
7e0b585d,624
dd7fe82a,843
83994f95,849
914e7a96,546
d76acaaf,707
0e459b47,883
dc5fb10a,878
c815f478,656
f2901649,793
bc32ca65,907
dbdb3c68,657
8c4e47ca,847
7e6a179f,534
5e29995f,558
ce8d305c,530
76f1230a,0
9f8113c1,864
664a9b04,644
98d7b546,978
86798c1b,709
388c5129,840
83b244ec,516
ec6a2d95,665
1027167c,549
4832e9e4,510
c5e3596f,1010
ce15b58c,941
2cd7816e,787
42bf43bf,697
0da2c9c8,744
41d9ba05,773
e050b47a,538
4f91bfbe,547
7fdc6a8f,655
d1da0b62,1008
78843612,562
d077f72c,628
defe06bf,890
7e383252,835
7ab4b2ec,814
d564fedb,521
fa8e0934,1012
548c012c,958
c50e7015,932
810236ac,830
2062f334,769
140b1ca7,801
600da05f,691
f60367bb,772
b16b1876,634
7b680a87,997
137de704,752
dd01cc18,950
419c69bf,829
eaa82242,952
5f792b9b,545
d884df05,1010
e5b6958e,930
51165848,726
5a9a5eec,594
24c7375c,1010
477806e4,855
0b41af6d,726
9a0311da,920
312df922,563
06dbae8f,701
4f0c536c,985
ebf4fc4f,566
4ad91a61,633
beb485c0,858
3eb630c3,624
275a73c8,806
104c674a,541
879a3b38,807
032b749c,991
b23addc0,638
a7f09724,680
d027d520,864
8a391468,1010
bf9c6768,845
21a3a236,571
d552fd38,884
b4cadf38,575
0fff3a29,503
e0710406,729
d4163b34,949
68513f02,559
6d82f894,731
d14a1b42,933
a97c71e5,797
f39bee23,567
55da2834,674
cf9231fa,892
18914432,786
ebc4bcc1,860
6208c7e5,950
b69f22bc,818
a173391d,997
8d50621d,659
5b2bd5d8,678
824ed513,961
317aba72,523
bb371f53,952
c662bc60,811
b2331610,534
1489b824,687
5ff4f331,517
441da8a9,970
e297ef80,943
43e0e6a2,980
8b0c33ee,914
ae502880,980
5a3b48a3,809
08e21d39,967
867be7c3,959
8b12c9e9,918
ab3c1d15,841
2f8c0b3e,527
fe2aa32a,596
48061c4b,674
b52579c6,841
ee219b5b,628
e5341465,809
805f7462,953
d4598c3d,885
bd03f22c,579
2c08f277,702
56ea1741,580
f32ebc47,725
9d888b30,955
68ec831f,932
23d8b8dd,791
4d83b17f,944
0707a816,885
3b46e6c2,1012
b264db9c,547
e5710765,740
fb4f8a16,841
da94467f,950
fc6c9d0e,992
38a84460,666
c0e559bf,826
4c0455b5,842
1c560dbc,918
d64b479e,574
a713419a,1003
cfdb562f,551
778377c8,568
5f48d61c,517
571f0d14,703
791efa2c,610
9be8b46f,881
ddbe5d68,599
7fdfd39e,775
eda05283,842
d16fc2b9,851
8ef3005c,506
b9f5b23b,616
61c06d0b,862
7eb480be,980
da835511,685
98253396,781
27020145,636
68b0093d,567
fcd7c592,781
59164838,904
1c0e7dc3,967
f3203c81,734
97d6f917,555
41250afc,751
eab3d54a,636
6a6d056e,604
a5a2b457,823
1a3f49d1,720
bb740fb1,839
e601ad74,672
801544bc,713
16b0c46b,983
4c147a19,898
ba3efce0,704
bf9da852,797
dda8597e,689
de247d7f,973
46cbe1e7,866
d81012e4,819
34c00ea3,876
cf062654,847
4be3341b,519
fb805efc,973
930aa7f4,841
de3e7dd0,660
c98e1740,599
e4c892e0,870
750735cd,521
13b2d990,572
00103b7c,677
c7db36ff,973
77bd5d60,607
28e691bf,580
3bfcb1a2,752
9b758ad6,855
e3b33ecd,791
9f3df96c,1004
299280bc,732
42375f62,741
b1ffa5b0,889
a94e3636,611
31828ca1,894
e1e0dab1,758
3b166b17,652
dc97676d,520
38359c7e,741
0ae4f9db,631
fac9623d,1012
2e4ba6f2,858
c5da2a72,631
c6f8e250,612
f04ecb12,772
2a750c65,887
f30f3229,982
ae421fa3,585
e0e6929c,925
86155e70,591
afb36deb,839
a63f8bfd,832
dc452694,622
02fca5ec,853
8a35dcb6,652
4b2ed601,682
d7ecc57d,577
f7d9d0f4,669
fa0cc595,660
2c7a6743,666
eaf0de72,687
2f708631,572
e49829d5,1010
2483ef15,896
414ac9bf,706
d06396c2,727
41886b94,913
d2c94076,862
8774f87b,952
db43ff0e,519
b76ae4ee,952
f719b619,614
87cfadd2,599
3174a51b,972
c5348dd1,678
ee820a80,999
374a7cbe,597
e35d10b8,959
a132179f,666
b06900b0,804
7dfdb292,798
1d90c7d7,649
a1fbdc20,649
38dfbfc8,542
aa714e2a,812
c3bcf0ba,674
a5202094,921
58422104,830
ae6c0e23,943
e43d0677,912
be03452c,913
381ddbe1,640
97db4a79,1009
6e816c75,706
3579ef6d,786
4564b991,790
8134cd85,654
615d9813,909
7c896799,683
40b51689,936
cdc0a674,867
0cb559c9,617
61ece686,876
26557b34,929
506394c6,961
e94186b5,959
c40a7387,841
0dec8af8,872
69b69ba4,863
cc8a2bc8,1010
2628f555,567
969b820a,848
3b5992b1,877
07f8341f,629
60b2d693,933
2b72aa62,528
6a2beb86,878
b5dc70ca,798
613f6b41,764
408af0b1,782
3a7d39c1,853
77436efc,748
def58177,922
b078f7e1,797
95180494,688
828f6b87,945
a456f867,951
b08e0bbe,958
41e27f97,1012
b933b9a4,939
50f5cace,700
f8cf7d30,615
ca4eab50,831
5b8527f6,703
134c4404,962
e116542c,804
60e74650,840
fcbe641d,988
f96076cd,870
e33b4f55,652
49befeb6,959
6a67569d,772
feab8424,513
5299c644,973
3f1d569b,836
6e624587,518
d0ddc814,961
7f405241,734
c0617e7d,0
1e9f911f,846
d3d0a43b,774
b651eedc,577
c01a1c10,837
a35ed5fb,553
e9625a6b,1013
ac607ec6,780
ab21fd46,936
caee6ca9,902
4980f434,839
788634ec,676
e42138b9,733
d40122b9,633
f78d6275,597
6f8ef6bf,683
ac71dfa1,609
89ebfdbe,940
23348756,516
7820dafb,578
1ca40f98,500
ccfbd6c4,905
034d15c8,882
c12f217b,701
93d4c94c,994
d6cb93dd,589
8181e0ff,831
0a91078e,948
8d6a837f,726
1122a287,644
f455754c,805
8f70dbe5,923
cc6e0ed6,708
5cfed485,777
5f4f256d,997
135c2b92,729
38a9847f,728
e398f7e7,981
5c5620e7,965
86efd0eb,1008
aa3e58e5,533
41db5b7e,842
c0ccc999,584
6e6f5f89,952
63ce1303,708
15e5a74d,669
39a0184b,845
28978dbe,1013
6544dfb9,931
6e13b18e,972
9056c31b,627
d364745e,755
90ff77fe,894
b6f2cc55,567
39cc94e9,686
fba55524,805
d588c480,646
b5e62fd2,869
3b4b52d8,993
1d2df70e,909
b6ec2ead,1009
205d3a3d,592
0ae22bb3,567
5d96bccd,877
6f98cd09,708
f73b5620,779
faf1aa57,960
5659e392,957
82758363,573
182c8c6d,734
38c51c62,509
feaff7d7,909
57b24d8e,891
39032b2f,785
c132f80d,543
caceb17c,778
4e940efc,709
efe899a3,697
c59aae42,529
e0395ea9,529
8ecafc21,1005
a3c48072,557
038cb390,696
05dd4ee6,701
73032a1c,652
a7fbb8c6,958
1fb49ead,628
f5ec4224,885
57bbff13,745
4d95da02,681
d1b664e8,784
43f2c146,993
367212ac,944
02f4593d,884
dfc4a697,933
82c09309,781
ad41df58,1010
6190a242,1010
5e64e061,804
900cb8de,551
08874257,1010
f7cdfee5,855
83c2e8f7,745
d2472c2a,610
6b46c141,653
2de1fd31,628
7913cd29,887
87acc6e4,770
d0f92cf0,523
85aa8cad,786
25a07821,690
ab28d4ab,870
142907c7,853
1433263c,577
80334383,880
ac27e420,602
1c3ef81d,805
72e48171,565
1ddd4289,808
1c8cfbc7,859
98823879,668
d38a2de9,832
8da5b942,515
2bb3671c,573
6e084ba4,595
3d34305d,773
39ca4353,785
17609e8a,609
456e8014,997
ce6ea3c5,681
63f5a3ec,558
128000ac,786
a78d61f7,879
171eebc1,1010
3f4d3127,764
93b6fa35,643
26af8d96,915
55bec3ad,866
ee623e68,705
e5a0325d,688
ee9fdb6b,567
c6875426,953
949bc6be,866
9982746f,911
7483ee85,625
f0eed0a3,647
21e14e0d,539
15faa79e,744
10b6e5e0,560
558f330b,838
521cd4b4,1002
85fbb4d6,847
fa2239ee,1010
840ff538,556
eebdcc25,551
29cb8c2c,669
57f5cad9,601
47ba41a7,633
4429bdcb,706
b58eb6e0,558
969af234,714
45437999,858
40983765,775
9fa147ca,748
3c8740a4,1013
6f0835f0,923
eda83ac0,959
60753e2d,616
1fc3494e,589
71801142,589
e08d9b1a,688
91b9fa70,686
0cb39b76,851
147026ab,921
9fce2f2c,755
b32e1ec4,933
2b4c9140,806
ffe8e0aa,943
3ea4b7fa,784
ff8fd838,728
99f644ea,675
0b7f0e81,952
3cb14395,516
03fd3f67,709
c2b43103,562
c6ae0006,662
ee5203b3,532
460109cf,591
6f8b8bf6,826
9627c330,613
c3963485,565
4fdf8d7e,565
a495c3c4,805
fe0ff37d,810
2e27fefb,801
d8fa8344,798
c2a01b3b,672
7d6b29e5,954
1b925d55,539
c2e3f430,1010
6f07d116,860
726f5e1f,883
45d0e7bd,566
699a3e03,763
47955fe2,633
3d7c96ef,962
d9306d52,1005
366f0715,847
2893448f,873
b79e0d14,873
9eb32e11,898
901002fd,821
320344cc,870
cbec1dee,613
34bfa0bb,666
cc515632,698
28099abf,765
c88898cd,551
e11cc1e8,791
3eca5421,518
22fbded6,966
8392df53,650
